divDomaniale;divDomanialeCourt
Nant_Foudraz_contamines_montjoie;Nant_Foudraz
Nant_Rouge_contamines_montjoie;Nant_Rouge
Nant_de_l'Arete_contamines_montjoie;Nant_de_l'Arete
Nant_Borrand_contamines_montjoie;Nant_Borrand
Nant_du_Tour_contamines_montjoie;Nant_du_Tour
Nant_d'Armancette_contamines_montjoie;Nant_d'Armancette
Nant_de_l'Ile_contamines_montjoie;Nant_de_l'Ile
Les_Arandellys_les_houches;Arandellys_houches
La_Rippaz_magland;Magland
Marignier;Marignier
Mieussy;Mieussy
Nant_de_Marnaz;Nant_de_Marnaz
Les_Juillards_passy;Juillards
Les_Penys_passy;Penys
Nant_Gibloux_passy;Nant_Gibloux
Nant_Noir_Nant_Bordon_passy;Nant_Noir_Nant_Bordon
Nant_Vernay_passy;Nant_Vernay
Reninges_sallanches;Reninges_sallanches
Reninges_passy;Reninges
Le_Dard_saint_gervais;Dard_saint_gervais
Le_Clevieux_samoens;Clevieux_samoens
Le_Nant_Sec_Le_Nafond_sixt;Nant_Sec
Les_Voirons_bons;Voirons_bons
Les_Voirons_saint_cergues;saint_cergues
Bout_du_Lac_doussard;Bout_du_Lac_doussard
Combe_d'Ire_chevaline;chevaline
Combe_d'Ire_doussard;doussard
Combe_d'Ire_giez;giez
Combe_d'Ire_jarsy;jarsy
Saint_Ruph_faverges;faverges
Saint_Ruph_seythenex;seythenex
Le_Malnant_talloires;talloires
Le_Malnant_thones;thones
Champ_Laitier_petit_bornand;petit_bornand
Champ_Laitier_aviernoz;aviernoz
Champ_Laitier_thorens_glieres;thorens_glieres
Bunant_thorens-glieres;Bunant_thorens-glieres
Brevon_vailly_lullin;Brevon_vailly_lullin
Le_Piezan_cons_sainte_colombe;Piezan_cons_sainte_colombe
Megeve;Megève
Vallorcine;Vallorcine
